--
-- Volcado de datos para la tabla `admin`
--

INSERT INTO `admin` (`id`, `username`, `email`, `password`) VALUES
(1, 'Admin', 'admin@especiesp.com', '$2y$13$81CuU.Ioy.DY1vwbuP2TnOFfHM0veY27NspUM.CVHAcqjNtvz8wvO');


--
-- Volcado de datos para la tabla `categories`
--

INSERT INTO `categories` (`id`, `name`) VALUES
(1, 'Anfibios'),
(2, 'Aves'),
(3, 'Invertebrados'),
(4, 'Mamíferos'),
(5, 'Peces'),
(6, 'Plantas'),
(7, 'Reptiles');


--
-- Volcado de datos para la tabla `status`
--

INSERT INTO `status` (`id`, `name`) VALUES
(1, 'En peligro de extinción'),
(2, 'Vulnerable');


--
-- Volcado de datos para la tabla `regions`
--

INSERT INTO `regions` (`id`, `name`) VALUES
(1, 'Andalucía'),
(2, 'Aragón'),
(3, 'Asturias'),
(4, 'Islas Baleares'),
(5, 'Canarias'),
(6, 'Cantabria'),
(7, 'Castilla y León'),
(8, 'Castilla-La Mancha'),
(9, 'Cataluña'),
(10, 'Extremadura'),
(11, 'Galicia'),
(12, 'Madrid'),
(13, 'Murcia'),
(14, 'Navarra'),
(15, 'La Rioja'),
(16, 'País Vasco'),
(17, 'Comunidad Valenciana'),
(18, 'Ceuta'),
(19, 'Melilla');


--
-- Volcado de datos para la tabla `organizations`
--

INSERT INTO `organizations` (`id`, `region_id`, `name`, `address`, `phone_number`, `website_url`, `email`) VALUES
(1, 12, 'WWF España', 'Gran Vía de San Francisco, 8-D. (28005 Madrid)', '+34 91 354 0578', 'https://www.wwf.es/', 'info@wwf.es'),
(2, 1, 'Fundación Biodiversidad - Andalucía', 'Patio de Banderas, 16 - 41004 Sevilla', '+34 954 21 15 95', 'https://fundacion-biodiversidad.es/', 'dpo@fundacion-biodiversidad.es'),
(3, 12, 'Fundación Biodiversidad - Madrid', 'C/ de las Peñuelas, 10 - 28005 Madrid', '+34 91 121 09 20', 'https://fundacion-biodiversidad.es/', 'dpo@fundacion-biodiversidad.es'),
(4, 1, 'SEO/BirdLife - Andalucía', 'Centro Ornitológico Francisco Bernis Paseo Marismeño s/n. C.P. 21750. El Rocío. Almonte (Huelva)', '+34 959 442 372', 'https://seo.org/hazte-socio/?gad_source=1&gad_campaignid=21810125997&gclid=EAIaIQobChMIwYH70erSjQMVXVJBAh2f5hwFEAAYASAAEgJvIvD_BwE', 'seo@seo.org');


--
-- Volcado de datos para la tabla `species`
--

INSERT INTO `species` (`id`, `category_id`, `status_id`, `scientific_name`, `common_name`, `image`) VALUES
(1, 7, 2, 'Algyroides marchi', 'Lagartija de Valverde', 'https://upload.wikimedia.org/wikipedia/commons/e/e3/Benny_Trapp_Algyroides_marchi.jpg'),
(2, 7, 2, 'Caretta caretta', 'Tortuga boba', 'https://upload.wikimedia.org/wikipedia/commons/8/81/Loggerhead_Sea_Turtle_%28Caretta_caretta%29_2.jpg'),
(3, 7, 2, 'Chalcides simonyi', 'Lisneja', 'https://www.macaronesian.org/assets/images/image-d10febecf178d8.jpg'),
(4, 7, 2, 'Gallotia galloti insulanagae', 'Lagarto tizón', 'https://upload.wikimedia.org/wikipedia/commons/a/a0/Gallotia_galloti_LC0211.jpg'),
(5, 7, 1, 'Gallotia gomerana', 'Lagarto gigante de La Gomera', 'https://www.macaronesian.org/assets/images/image-d99403ba9847e1.jpg'),
(6, 7, 1, 'Gallotia intermedia', 'Lagarto gigante de Tenerife', 'https://upload.wikimedia.org/wikipedia/commons/b/bf/Gallotia_intermedia_38225983.jpg'),
(7, 7, 1, 'Gallotia simonyi', 'Lagarto gigante de El Hierro', 'https://upload.wikimedia.org/wikipedia/commons/a/a3/Lagarto_Gigante_de_El_Hierro%2C_Canarias%2C_Espa%C3%B1a.JPG'),
(8, 7, 2, 'Iberolacerta galani', 'Lagartija leonesa', 'https://upload.wikimedia.org/wikipedia/commons/6/63/Benny_Trapp_Iberolacerta_galani_Spanien.jpg'),
(9, 7, 1, 'Iberolacerta aranica', 'Lagartija aranesa', 'https://upload.wikimedia.org/wikipedia/commons/9/96/Benny_Trapp_Iberolacerta_aranica.jpg'),
(10, 7, 1, 'Iberolacerta aurelioi', 'Lagartija pallaresa', 'https://upload.wikimedia.org/wikipedia/commons/f/f4/Benny_Trapp_Iberolacerta_aurelioi.jpg'),
(11, 7, 2, 'Iberolacerta bonnali', 'Lagartija pirenaica', 'https://upload.wikimedia.org/wikipedia/commons/4/41/Lezard_des_Pyrenees.jpg'),
(12, 7, 1, 'Iberolacerta martinezricai', 'Lagartija batueca', 'https://upload.wikimedia.org/wikipedia/commons/5/5f/Benny_Trapp_Iberolacerta_martinezricai.jpg'),
(13, 7, 1, 'Lacerta agilis', 'Lagarto ágil', 'https://upload.wikimedia.org/wikipedia/commons/e/e8/Lagarto_%C3%A1gil_%28Lacerta_agilis%29%2C_Jard%C3%ADn_Bot%C3%A1nico%2C_M%C3%BAnich%2C_Alemania%2C_2013-09-08%2C_DD_02.JPG'),
(14, 7, 2, 'Testudo graeca', 'Tortuga mora', 'https://upload.wikimedia.org/wikipedia/commons/b/b5/Furculachelys.JPG'),
(15, 7, 1, 'Testudo hermanni', 'Tortuga mediterránea', 'https://upload.wikimedia.org/wikipedia/commons/6/6c/Testudo_hermanni_hermanni_Mallorca_02.jpg'),
(16, 6, 1, 'Alyssum fastigiatum', 'Broqueletes', 'https://www.florandalucia.es/images/Galerias/Alyssum_nevadense/Alyssum_fastigiatum.05.jpg'),
(17, 6, 1, 'Anagyris latifolia', 'Oro de risco', 'https://upload.wikimedia.org/wikipedia/commons/3/3f/Anagyris_latifolia_-_flowers.jpg'),
(18, 6, 1, 'Androcymbium hierrense', 'Cebollín', 'https://endemicascanarias.com/images/Endemicas%20Compartidas/H-P-G/Androcymbium%20hierrense/_MG_2954%20Androcymbium%20hierrense.jpg'),
(19, 6, 2, 'Androsace pyrenaica', NULL, 'https://upload.wikimedia.org/wikipedia/commons/5/55/Androsace_pyrenaica_2.jpg'),
(20, 6, 1, 'Apium bermejoi', 'Api d´En Bermejo', 'https://upload.wikimedia.org/wikipedia/commons/1/18/Apium_bermejoi_01.jpg'),
(21, 6, 1, 'Aquilegia paui', 'Aguileña', 'https://upload.wikimedia.org/wikipedia/commons/c/c0/Aquilegia_vulgaris9_ies.jpg'),
(22, 6, 1, 'Aquilegia pyrenaica subsp cazorlensis', 'Aguileña de Cazorla', 'https://wastemagazine.es/fotos/aquilegiapyrenaicacazorlensis11.jpg'),
(23, 6, 1, 'Arenaria nevadensis', 'Arenaria', 'https://live.staticflickr.com/7322/27179290043_de51809795_b.jpg'),
(24, 6, 1, 'Argyranthemum lidii', 'Margarita de Lid', 'https://endemicascanarias.com/images/GranCanaria/Argyranthemum%20lidii/Argyranthemum%20lidii%20Magarza%20de%20Lid06.jpg'),
(25, 6, 1, 'Argyranthemum sundingii', 'Magarza de Sunding', 'https://upload.wikimedia.org/wikipedia/commons/c/cc/Argyranthemum_sundingii_%282%29_CP_serre_2_%2819599340173%29.jpg'),
(26, 6, 2, 'Argyranthemum winteri', 'Margarita de Jandía', 'https://inaturalist-open-data.s3.amazonaws.com/photos/28857467/large.jpeg'),
(27, 6, 1, 'Artemisia granatensis', 'Manzanilla de Sierra Nevada', 'https://upload.wikimedia.org/wikipedia/commons/3/37/Artgra.JPG'),
(28, 6, 1, 'Asparagus fallax', 'Esparraguera de monteverde', 'https://upload.wikimedia.org/wikipedia/commons/e/e0/Asparagus_fallax02.jpg'),
(29, 6, 1, 'Aster pyrenaeus', 'Estrella de los Pirineos', 'https://upload.wikimedia.org/wikipedia/commons/6/67/Aster_pyrenaeus_kz01.jpg'),
(30, 6, 1, 'Astragalus nitidiflorus', NULL, 'https://upload.wikimedia.org/wikipedia/commons/c/c0/Astragalus_nitidiflorus.jpg'),
(31, 6, 1, 'Atractylis arbuscula', 'Cancelillo', 'https://upload.wikimedia.org/wikipedia/commons/0/01/Atractylis_arbuscula-Roubaldi-1.jpg'),
(32, 6, 1, 'Atractylis preauxiana', 'Piña de mar', 'https://upload.wikimedia.org/wikipedia/commons/d/d2/A.preauxiana-D80A3727.jpg'),
(33, 6, 1, 'Atropa baetica', 'Tabaco gordo', 'https://wastemagazine.es/fotos/atropabaetica2.jpg'),
(34, 6, 1, 'Bencomia brachystachya', 'Bencomia de Tirajana', 'https://upload.wikimedia.org/wikipedia/commons/0/00/Bencomia_brachystachya_kz2.JPG'),
(35, 6, 1, 'Bencomia exstipulata', 'Bencomia de cumbre', 'https://upload.wikimedia.org/wikipedia/commons/9/9c/Tenerife_016.JPG'),
(36, 6, 1, 'Bencomia sphaerocarpa', 'Bencomia herreña', 'https://upload.wikimedia.org/wikipedia/commons/f/f7/Bencomia_sphaerocarpa_01.jpg'),
(37, 6, 1, 'Borderea chouardii', NULL, 'https://www.florasilvestre.es/mediterranea/Dioscoreaceae/Borderea_chouardii.jpg'),
(38, 6, 1, 'Botrychium matricariifolium', NULL, 'https://upload.wikimedia.org/wikipedia/commons/e/e2/Botrychium_matricariifolium_%2808%29.jpg'),
(39, 6, 2, 'Buxbaumia viridis', NULL, 'https://upload.wikimedia.org/wikipedia/commons/4/47/Buxbaumia_viridis_220313.JPG'),
(40, 6, 1, 'Centaurea borjae', NULL, 'https://biodiversidade.eu/web/cache/scene/uploads/imaxes/imaxe/1bd/_S7QytKoutjK3UsovKMnMzytWsi62MjS0UipKLc6sStVRsDAwUL_/_KuBQA=_/5641f6f350-img_5355.jpg'),
(41, 6, 2, 'Centaurium somedanum', 'Centaura de Somiedo', 'https://www.florasilvestre.es/mediterranea/Gentianaceae/Centaurium_somedanum.jpg'),
(42, 6, 1, 'Cerinthe glabra', NULL, 'https://upload.wikimedia.org/wikipedia/commons/2/21/Cerinthe_glabra.jpg'),
(43, 6, 1, 'Cheirolophus duranii', 'Cabezón herreño', 'https://ecosistemaglobal.wordpress.com/wp-content/uploads/2012/02/cabezc3b3n-herrec3b1o.jpg'),
(44, 6, 1, 'Cheirolophus falcisectus', 'Cabezón de Güi-Güí', 'https://upload.wikimedia.org/wikipedia/commons/9/9d/Cheirolophus_falcisectus.jpg'),
(45, 6, 2, 'Cheirolophus ghomerythus', 'Cabezón gomero', 'https://blogger.googleusercontent.com/img/b/R29vZ2xl/AVvXsEjjTtVDqNbpOmbJ-yaxE5OSFJ2F9TPPtJenVFeRp59O7ihHbBhmKCjskIO2SOoB6uXksLjMU-nYBLkwASL7jYOgjFMJwHh1EcUWrC2IOW8m8bHilbGjUw9iCOA5bZ52su2NpGgsS01cvg/s1600/IMG_0901.JPG'),
(46, 6, 1, 'Cheirolophus metlesicsii', 'Cabezón de Añavingo', 'https://floradecanarias.es/wp-content/uploads/2024/08/cheirolophus_metlesicsii.jpg'),
(47, 6, 1, 'Cheirolophus santos-abreui', 'Cabezón de las Nieves', 'https://endemicascanarias.com/images/Palma/Cheirolophus%20santos-abreui/IMG_4175_Cheirolophus%20santos-abreui%20(cabez%C3%B3n%20de%20Las%20Nieves)-clear.jpg'),
(48, 6, 1, 'Cheirolophus sventenii subsp gracilis', 'Cabezón de Tijarafe', 'https://endemicascanarias.com/images/Palma/Cheirolophus%20sventenii%20ssp%20gracilis/IMG_3987%20Cheirolophus%20sventenii%20subsp.%20gracilis_Watermarked-clear.jpg'),
(49, 6, 1, 'Christella dentata', 'Helecha', 'https://upload.wikimedia.org/wikipedia/commons/9/9f/Christella_dentata_plant_DC4.jpg'),
(50, 6, 2, 'Cicer canariense', 'Garbancera canaria', 'https://endemicascanarias.com/images/Endemicas%20Compartidas/T-P/Cicer%20canariense/Cicer%20canariense%202.jpg'),
(51, 6, 1, 'Cistus heterophyllus', 'Jara de Cartagena', 'https://upload.wikimedia.org/wikipedia/commons/5/55/Cistus_heterophyllus.jpg'),
(52, 6, 1, 'Coincya rupestris subsp rupestris', NULL, 'https://endemicascanarias.com/images/Palma/Cheirolophus%20sventenii%20ssp%20gracilis/IMG_3941%20Cheirolophus%20sventenii%20subsp.%20gracilis_Watermarked-clear.jpg'),
(53, 6, 2, 'Convolvulus lopezsocasi', 'Corregüelón de Famara', 'https://upload.wikimedia.org/wikipedia/commons/9/91/Convolvulus_lopezsocasi_1.jpg'),
(54, 6, 1, 'Convolvulus subauriculatus', 'Corregüelón gomero', 'https://endemicascanarias.com/images/Gomera/Convolvulus%20subauriculatus/_MG_5002%20Convolvulus%20subauriculatus%20Correguelon%20gomer.jpg'),
(55, 6, 1, 'Coronopus navasii', NULL, 'https://upload.wikimedia.org/wikipedia/commons/b/b5/Coronopus_navasii.JPG'),
(56, 6, 1, 'Crambe sventenii', 'Colino majorero', 'https://endemicascanarias.com/images/Fuerteventura/Crambe%20sventenii/DSCN3121%20Crambe%20sventenii%20-%20Colino.JPG'),
(57, 6, 2, 'Cymodocea nodosa', 'Seba', 'https://canalmarmenor.carm.es/wp-content/uploads/CYMODOCEA-NODOSA3peq.jpg'),
(58, 6, 1, 'Cypripedium calceolus', 'Zapatito de dama, Esclops', 'https://upload.wikimedia.org/wikipedia/commons/7/74/Cypripedium_calceolus_wiki_mg-k01.jpg'),
(59, 6, 2, 'Cystoseira abies-marina', 'Mujo amarillo', 'https://www.ull.es/portal/noticias/wp-content/uploads/sites/13/2021/10/Foto-02.-Ejemplares-de-mujo-amarillo-Gongolaria-abies-marina.jpg'),
(60, 6, 1, 'Daphne alpina', NULL, 'https://upload.wikimedia.org/wikipedia/commons/6/61/Daphne_alpina_kz1.jpg'),
(61, 6, 2, 'Daphne rodriguezii', 'Dafne menorquí', 'https://blogger.googleusercontent.com/img/b/R29vZ2xl/AVvXsEgZT8Fw6G0nqc3cYmY-jpuWR1_n1NKkZ4uM3Q0Fh5RidMFsaYYeTHK9c5jnbCOzQDb1cTvjAjIAa2vcZ2aMN6XO6p3PHvStFBmEmd8KLCjB1OEfh5q2QvZp6cCQTh18JBnQO5WRF5KY1Gc/s1600/dafne-rodriguezii-04-04-12-flors.jpg'),
(62, 6, 1, 'Delphinium bolosii', 'Esperó de Bolós', 'https://voice.puntodis.com/mpv/semillasamenazadas/24delphinium.png'),
(63, 6, 2, 'Delphinium montanum', NULL, 'https://upload.wikimedia.org/wikipedia/commons/d/df/Delphinium_montanum3.JPG'),
(64, 6, 1, 'Diplazium caudatum', 'Helecho de sombra', 'https://upload.wikimedia.org/wikipedia/commons/9/93/Diplazium_caudatum_002.JPG'),
(65, 6, 1, 'Diplotaxis siettiana', 'Jaramago de Alborán', 'https://top50.iucn-mpsg.org/uploads/species/26/images/67_2017-04-05-081053_diplotaxis-siettiana.JPG'),
(66, 6, 1, 'Dorycnium spectabile', 'Trébol de risco rosado', 'https://upload.wikimedia.org/wikipedia/commons/e/e5/Dorycnium_spectabile_kz2.JPG'),
(67, 6, 1, 'Dracaena tamaranae', 'Drago de Gran Canaria, Drago', 'https://upload.wikimedia.org/wikipedia/commons/2/2c/Dracaena_tamaranae_young_specimen.JPG'),
(68, 6, 1, 'Dracocephalum austriacum', NULL, 'https://upload.wikimedia.org/wikipedia/commons/8/86/Dracocephalum_austriacum_5.jpg'),
(69, 6, 1, 'Echium handiense', 'Taginaste de Jandía', 'https://upload.wikimedia.org/wikipedia/commons/8/80/Echium_handiense%2C_Conservatoire_botanique_national_de_Brest_04.jpg'),
(70, 6, 1, 'Erodium astragaloides', NULL, 'https://floresysetasdeespana.wordpress.com/wp-content/uploads/2017/08/geraniaceas-erodium-rupicola-5.jpg'),
(71, 6, 1, 'Erodium foetidum', NULL, 'https://upload.wikimedia.org/wikipedia/commons/2/28/Erodium_foetidum2.jpg'),
(72, 6, 2, 'Erodium paularense', 'Geranio del Paular, Erodio de Cañamares', 'https://upload.wikimedia.org/wikipedia/commons/b/b0/Erodium_paularense.jpg'),
(73, 6, 2, 'Erodium rupicola', 'Alfirelillo de Sierra Nevada', 'https://wastemagazine.es/fotos2/erodiumrupicola26.jpg'),
(74, 6, 2, 'Eryngium viviparum', 'Cardillo de laguna, Cardillo vivíparo', 'https://upload.wikimedia.org/wikipedia/commons/f/f3/Eryngium_viviparum%2C_Conservatoire_botanique_national_de_Brest_02.jpg'),
(75, 6, 1, 'Euphorbia bourgeana', 'Tabaiba amarilla de Tenerife', 'https://upload.wikimedia.org/wikipedia/commons/f/f4/Euphorbia_bourgeana_kz2.JPG'),
(76, 6, 2, 'Euphorbia margalidiana', 'Lletrera', 'https://upload.wikimedia.org/wikipedia/commons/2/2c/Euphorbia_margalidiana_%283382308057%29.jpg'),
(77, 6, 1, 'Euphorbia mellifera', 'Tabaiba de Monteverde', 'https://upload.wikimedia.org/wikipedia/commons/a/af/Euphorbia_mellifera.jpg'),
(78, 6, 2, 'Femeniasia balearica', 'Socarrell bord', 'https://upload.wikimedia.org/wikipedia/commons/9/9c/Femeniasia_balearica..JPG'),
(79, 6, 2, 'Gelidium arbusculum', 'Gelidio rojo, Mujo rojo', 'https://inaturalist-open-data.s3.amazonaws.com/photos/151646031/large.jpeg'),
(80, 6, 2, 'Gelidium canariense', 'Gelidio negro, Mujo negro', 'https://img.algaebase.org/images/AC1F09B311baf2C714jnB7708FC0/7Bh8LdvKq9UG.jpg'),
(81, 6, 1, 'Gentiana angustifolia subsp angustifolia', NULL, 'https://blogger.googleusercontent.com/img/b/R29vZ2xl/AVvXsEgBrGchr-MG9BHdlEZwRGm-r9DbGHk55275eXb5zuzUrhoOA-GeRG32bzhzleP8AhATzv5DwZ8DxjvcQtfmz12ljDVM5YLgss_Q59kKA1AcU1wYh2RpxV0L9ye9VXX1TMclGHrDsxR9KC8/w1200-h630-p-k-no-nu/Gentiana+angustifolia-1874+al+79.jpg'),
(82, 6, 2, 'Glandora oleifolia', NULL, 'https://upload.wikimedia.org/wikipedia/commons/7/79/Glandora_oleifolia_kz04.jpg'),
(83, 6, 1, 'Globularia ascanii', 'Mosquera de Tamadaba', 'https://upload.wikimedia.org/wikipedia/commons/9/98/Globularia_ascanii_kz2.JPG'),
(84, 6, 1, 'Globularia sarcophylla', 'Mosquera de Tirajana', 'https://upload.wikimedia.org/wikipedia/commons/5/55/Globularia_sarcophylla_kz1.JPG'),
(85, 6, 1, 'Helianthemum bramwelliorum', 'Jarilla de Guinate', 'https://endemicascanarias.com/images/Lanzarote/Helianthemum%20bramwelliorum/DSCN5136%20Helianthemum%20bramwelliorum_p1_Watermarked-clear.jpg'),
(86, 6, 1, 'Helianthemum bystropogophyllum', 'Jarilla peluda', 'https://floracanaria.com/ima/Helianthemum_bystropogophyllum.jpg'),
(87, 6, 2, 'Helianthemum caput-felis', NULL, 'https://upload.wikimedia.org/wikipedia/commons/3/37/Helianthemum_caput-felis_%28plant%29.jpg'),
(88, 6, 1, 'Helianthemum gonzalezferreri', 'Jarilla de Famara', 'https://endemicascanarias.com/images/Lanzarote/Helianthemum%20gonzalezferreri/DSCN0971%20Helianthemum%20gonzalezferreri.jpg'),
(89, 6, 1, 'Helianthemum inaguae', 'Jarilla de Inagua', 'https://endemicascanarias.com/images/GranCanaria/Helianthemum%20inaguae/0307%20Helianthemum%20inaguae%20o%20bystropogophyllum.JPG'),
(90, 6, 1, 'Helianthemum juliae', 'Jarilla de Las Cañadas', 'https://upload.wikimedia.org/wikipedia/commons/7/7f/Helianthemum_juliae_kz3.JPG'),
(91, 6, 1, 'Helianthemum teneriffae', 'Jarilla de Agache', 'https://floracanaria.com/ima/Helianthemum_teneriffae.jpg'),
(92, 6, 1, 'Helichrysum alucense', 'Yesquera de Aluce', 'https://endemicascanarias.com/images/Gomera/Helichrysum%20alucense/_MG_9851%20Helichrysum%20alucense%20Teline%20stenopetala%20pauciovulata%20Gacia%20gomera.jpg'),
(93, 6, 2, 'Hieracium queraltense', NULL, 'https://inaturalist-open-data.s3.amazonaws.com/photos/43454163/large.jpeg'),
(94, 6, 2, 'Hieracium recoderi', NULL, 'https://warehouse1.indicia.org.uk/upload/15/67/95/o_1dk8k94cqgdov1kigjotc23q.jpg'),
(95, 6, 1, 'Hieracium texedense', NULL, 'https://www.florandalucia.es/images/Galerias/Hieracium_texedense/Hieracium_texedense.23.jpg'),
(96, 6, 2, 'Hieracium vinyasianum', NULL, 'https://static.inaturalist.org/photos/24345372/medium.jpeg'),
(97, 6, 1, 'Himantoglossum metlesicsianum', 'Orquídea de Tenerife', 'https://www3.gobiernodecanarias.org/medusa/ecoescuela/plantillawiki/files/formidable/12/img_1806-flores-himantoglossum-metlesicsianum.jpg'),
(98, 6, 1, 'Hymenophyllum wilsonii', NULL, 'https://fernsofmacaronesia.org.uk/wp-content/uploads/2020/06/Hymenophyllum-wilsonii-Madeira-2009-055-1050x700.jpg'),
(99, 6, 1, 'Hypochaeris oligocephala', 'Lechuguilla de El Fraile', 'https://upload.wikimedia.org/wikipedia/commons/2/21/Hypochoeris_oligocephala_-_Berlin_Botanical_Garden_-_IMG_8786.JPG'),
(131, 6, 1, 'Ilex perado subsp lopezlilloi', 'Naranjero salvaje gomero', 'https://endemicascanarias.com/images/Gomera/Ilex%20perado%20subsp.%20lopezlilloi/20210809_090505%20Ilex%20perado%20subsp%20lopezlilloi.jpg'),
(132, 6, 1, 'Isoplexis chalcantha', 'Crestagallo de Doramas', 'https://endemicascanarias.com/images/GranCanaria/Isoplexis%20chalcantha/_MG_7100%20Isoplexis%20chalcantha%20Cretagallo%20de%20Doramas.jpg'),
(133, 6, 1, 'Isoplexis isabelliana', 'Crestagallo de pinar', 'https://upload.wikimedia.org/wikipedia/commons/5/53/Isoplexis_isabelliana_-_Berlin_Botanical_Garden_-_IMG_8781.JPG'),
(134, 6, 2, 'Juniperus cedrus', NULL, 'https://upload.wikimedia.org/wikipedia/commons/7/73/Juniperus_cedrus_-_Jard%C3%ADn_Bot%C3%A1nico_del_Centro_de_Visitantes_-_El_Paso_-_La_Palma.jpg'),
(135, 6, 1, 'Jurinea fontqueri', NULL, 'https://www.florandalucia.es/images/Galerias/Jurinea_fontqueri/Jurinea_fontqueri.13.jpg'),
(136, 6, 1, 'Kunkeliella canariensis', 'Escobilla de Guayadeque', 'https://upload.wikimedia.org/wikipedia/commons/6/6a/Kunkeliella_canariensis.jpg'),
(137, 6, 1, 'Kunkeliella psilotoclada', 'Escobilla', 'https://www.macaronesian.org/assets/images/172/image-75893080378448.jpg'),
(138, 6, 1, 'Kunkeliella subsucculenta', 'Escobilla carnosa', 'https://endemicascanarias.com/images/Tenerife/Kunkeliella%20subsucculenta/Kunkeliella%20subsucculenta%20escobilla%20carnosa01.jpg'),
(139, 6, 1, 'Lappula deflexa', NULL, 'https://upload.wikimedia.org/wikipedia/commons/b/b5/Lappula_deflexa_RF.jpg'),
(140, 6, 1, 'Laserpitium longiradium', NULL, 'https://www.florandalucia.es/images/Galerias/Laserpitium_longiradium/Laserpitium_longiradium.08.jpg'),
(141, 6, 1, 'Limonium dendroides', 'Siempreviva gigante', 'https://endemicascanarias.com/images/Gomera/Limonium%20dendroides/_MG_3447%20Limonium%20dendroides%20(siempreviva%20gigante).jpg'),
(142, 6, 2, 'Limonium geronense', NULL, 'https://www.florasilvestre.es/mediterranea/Plumbaginaceae/Limonium_geronense.jpg'),
(143, 6, 1, 'Limonium malacitanum', 'Siempreviva malagueña', 'https://www.florandalucia.es/images/Galerias/Limonium_malacitanum/Limonium_malacitanum.05.jpg'),
(144, 6, 1, 'Limonium perplexum', 'Saladilla de Peñíscola', 'https://www.florasilvestre.es/mediterranea/Plumbaginaceae/Limonium_perplexum3.jpg'),
(145, 6, 1, 'Limonium pseudodictyocladum', 'Saladina', 'https://static.inaturalist.org/photos/3926141/medium.jpg'),
(146, 6, 1, 'Limonium spectabile', 'Siempreviva de Guelgue', 'https://upload.wikimedia.org/wikipedia/commons/1/1a/Limonium_spectabile.JPG'),
(147, 6, 2, 'Limonium sventenii', 'Siempreviva azul', 'https://upload.wikimedia.org/wikipedia/commons/7/72/Limonium_sventenii_-_flowers.jpg'),
(148, 6, 1, 'Limonium vigoi', NULL, 'https://setmanarilebre.cat/wp-content/uploads/2021/08/sin-titulo-3-40.jpg'),
(149, 6, 2, 'Linaria tursica', NULL, 'https://www.florasilvestre.es/mediterranea/Antirrhinaceae/Linaria_tursica.jpg'),
(150, 6, 1, 'Lithodora nitida', NULL, 'https://www.florasilvestre.es/mediterranea/Boraginaceae/Glandora_nitida5.jpg'),
(151, 6, 1, 'Lotus berthelotii', 'Picopaloma', 'https://upload.wikimedia.org/wikipedia/commons/f/f5/Lotus_berthelotii_IMGP5869.jpg'),
(152, 6, 1, 'Lotus eremiticus', 'Picocernícalo', 'https://endemicascanarias.com/images/Palma/Lotus%20eremiticus/_MG_8776%20Lotus%20eremiticus%20(picocernicalo).jpg'),
(153, 6, 1, 'Lotus kunkelii', 'Yerbamuda de Jinámar', 'https://endemicascanarias.com/images/GranCanaria/Lotus%20kunkelii/Lotus%20kunkelii%20yerbamuda%20de%20Jinamar%2004_Watermarked-clear.jpg'),
(154, 6, 1, 'Lotus maculatus', 'Pico de El Sauzal', 'https://upload.wikimedia.org/wikipedia/commons/1/16/Lotus_maculatus_K2.jpg'),
(155, 6, 1, 'Lotus pyranthus', 'Pico de Fuego', 'https://endemicascanarias.com/images/Palma/Lotus%20pyranthus/IMG_8916%20Lotus%20pyranthus_Watermarked-clear.jpg'),
(156, 6, 1, 'Luronium natans', NULL, 'https://upload.wikimedia.org/wikipedia/commons/1/16/LuroniumNatans2.jpg'),
(157, 6, 2, 'Lysimachia minoricensis', 'Lisimaquia menorquina', 'https://upload.wikimedia.org/wikipedia/commons/a/af/Lysimachia_minoricensis_kz01.jpg'),
(158, 6, 1, 'Marsilea batardae', NULL, 'https://upload.wikimedia.org/wikipedia/commons/9/96/Marsilea_batardae.jpg'),
(159, 6, 1, 'Marsilea quadrifolia', 'Trébol de cuatro hojas', 'https://upload.wikimedia.org/wikipedia/commons/c/c6/Marsilea_quadrifolia_kz1.jpg'),
(160, 6, 2, 'Medicago citrina', 'Mielga real', 'https://upload.wikimedia.org/wikipedia/commons/6/6d/Medicago_arborea2.jpg'),
(161, 6, 1, 'Micromeria glomerata', 'Tomillo de Taganana', 'https://upload.wikimedia.org/wikipedia/commons/6/68/Detail_leafs_and_flowers_M._Glomerata.jpg'),
(162, 6, 1, 'Myrica rivas-martinezii', 'Faya herreña', 'https://www.arbolappcanarias.es/imagenes/especies/especie_044_01.jpg'),
(163, 6, 2, 'Nanozostera noltii', 'Seba de mar estrecha, Seba fina', 'https://upload.wikimedia.org/wikipedia/commons/1/1a/Zostera_nana_in_the_Tyligul_Estuary.jpg'),
(164, 6, 1, 'Narcissus longispathus', NULL, 'https://upload.wikimedia.org/wikipedia/commons/1/1e/Narcissus_longispathus.jpg'),
(165, 6, 1, 'Narcissus nevadensis', 'Narciso de Villafuerte', 'https://upload.wikimedia.org/wikipedia/commons/b/b7/Narcissus_nevadensis.JPG'),
(166, 6, 1, 'Naufraga balearica', 'Naufraga', 'https://top50.iucn-mpsg.org/uploads/species/32/images/112_2017-04-25-132056_naufraga-balearica.jpg'),
(167, 6, 1, 'Normania nava', NULL, 'https://floracanaria.com/ima/Normania_nava.jpg'),
(168, 6, 1, 'Nuphar pumila subsp pumila', 'Nenúfar amarillo pequeño', 'https://upload.wikimedia.org/wikipedia/commons/6/62/Nuphar_pumilum2.jpg'),
(169, 6, 1, 'Omphalodes littoralis subsp gallaecica', NULL, 'https://www.caminodosfaros.com/wp-content/uploads/2016/02/OMPHALODES-LITORALIS-1.jpg'),
(170, 6, 1, 'Onopordum carduelium', 'Cardo de Tenteniguada', 'https://endemicascanarias.com/images/GranCanaria/Onopordum%20carduelium/IMG_9756%20Onopordum%20carduelium%20(cardo%20de%20Tenteniguada)-standard.jpg'),
(171, 6, 1, 'Onopordum nogalesii', 'Cardo de Jandía', 'https://upload.wikimedia.org/wikipedia/commons/a/ad/Onopordum_nogalesii_-_NIKA3391.jpg'),
(172, 6, 2, 'Pedicularis comosa subsp asparagoides', NULL, 'https://upload.wikimedia.org/wikipedia/commons/0/08/Pedicularis_comosa.JPG'),
(173, 6, 1, 'Pellaea calomelanos', NULL, 'https://upload.wikimedia.org/wikipedia/commons/7/73/Pellaea_calomelanos00.jpg'),
(174, 6, 1, 'Pericallis appendiculata', 'Alamillo de Doramas', 'https://upload.wikimedia.org/wikipedia/commons/4/41/Pericallis_appendiculata_04.JPG'),
(175, 6, 1, 'Pericallis hadrosoma', 'Flor de mayo leñosa', 'https://www.atlasruraldegrancanaria.com/wp-content/uploads/Flor_de_mayo_lenosa01.jpg'),
(176, 6, 2, 'Petrocoptis pseudoviscosa', NULL, 'https://www.naturoscope.net/content/uploads/cms/image/IconoF7/PET004P.jpg'),
(177, 6, 1, 'Peucedanum schottii', NULL, 'https://www.floracatalana.cat/flora/sites/default/files/imgvasculars/2019-06/mgc6/VTax1603.ExN.Img6.jpg'),
(178, 6, 1, 'Plantago cornuti', NULL, 'https://upload.wikimedia.org/wikipedia/commons/9/95/Plantago_cornuti_21116867.jpg'),
(179, 6, 2, 'Plantago famarae', 'Pinillo de Famara', 'https://upload.wikimedia.org/wikipedia/commons/1/14/Plantago_famarae_-_Jard%C3%ADn_Bot%C3%A1nico_de_Barcelona_-_Barcelona%2C_Spain_-_DSC09110.JPG'),
(180, 6, 2, 'Polygala vayredae', NULL, 'https://upload.wikimedia.org/wikipedia/commons/b/b3/Polygala_vayredae_-_Botanischer_Garten_Freiburg_-_DSC06421.jpg'),
(181, 6, 1, 'Psilotum nudum subsp molesworthiae', 'Helecho escoba', 'https://upload.wikimedia.org/wikipedia/commons/0/0d/Psilotum.jpg'),
(182, 6, 1, 'Pteris incompleta', 'Helecha de monte', 'https://www.florandalucia.es/images/Galerias/Pteris_incompleta/Pteris_incompleta.13.jpg'),
(183, 6, 2, 'Puccinellia pungens', NULL, 'https://www.researchgate.net/profile/Carlos-Fabregat/publication/321862259/figure/fig2/AS:572362477506560@1513473256786/Figura-2-Detalle-de-las-macollas-de-Puccinellia-pungens-en-floracion.png'),
(184, 6, 1, 'Pulicaria burchardii', 'Dama', 'https://endemicascanarias.com/images/Nativas/Pulicaria%20burchardii/IMG_3922%20%20Pulicaria%20burchardii.JPG'),
(185, 6, 2, 'Ranunculus weyleri', 'Botó d`or', 'https://www.florasilvestre.es/mediterranea/Ranunculaceae/Ranunculus_weyleri.jpg'),
(186, 6, 2, 'Reseda jacquinii subsp litigiosa', NULL, 'https://www.floracatalana.cat/flora/sites/default/files/imgvasculars/2024-08/mgc9/VTax1223.Ex1.Img2.jpg'),
(187, 6, 1, 'Rupicapnos africana subsp decipiens', 'Conejitos', 'https://www.florandalucia.es/images/Galerias/Rupicapnos_africana_decipiens/Rupicapnos_africana_decipiens.07.jpg'),
(188, 6, 1, 'Ruta microcarpa', 'Ruda gomera', 'https://endemicascanarias.com/images/Gomera/Ruta%20microcarpa/Ruta%20microcarpa%20Ruda%20gomera02.jpg'),
(189, 6, 1, 'Salvia herbanica', 'Conservilla majorera', 'https://endemicascanarias.com/images/Fuerteventura/Pleudia%20herbanica/DSCN3187%20Pleudia%20herbanica.jpg'),
(190, 6, 1, 'Sambucus palmensis', 'Saúco canario', 'https://upload.wikimedia.org/wikipedia/commons/d/df/Sambucus_palmensis.JPG'),
(191, 6, 2, 'Sarcocapnos baetica subsp baetica', 'Zapaticos de la Virgen', 'https://upload.wikimedia.org/wikipedia/commons/e/e8/Sarcocapnos_Baetica.jpg'),
(192, 6, 2, 'Sarcocapnos baetica subsp integriflora', NULL, 'https://www.florandalucia.es/images/Galerias/Sarcocapnos_integrifolia/Sarcocapnos_integrifolia.10.jpg'),
(193, 6, 1, 'Sarcocapnos speciosa', 'Hierba de la Lucía', 'https://www.florandalucia.es/images/Galerias/Sarcocapnos_speciosa/Sarcocapnos_speciosa.14.jpg'),
(194, 6, 1, 'Senecio elodes', 'Cineraria', 'https://www.florandalucia.es/images/Galerias/Tephroseris_elodes_elodes/Tephroseris_elodes_elodes.07.jpg'),
(195, 6, 1, 'Seseli farrenyii', NULL, 'https://www.creaf.cat/sites/default/files/wp-featured-images/xSeseliferreny.jpg.pagespeed.ic_.h-OHtU-2xC_16.jpg'),
(196, 6, 2, 'Seseli intricatum', NULL, 'https://www.floresdealmeria.com/joyas/fotos/seseli-intricatum15.jpg'),
(197, 6, 1, 'Sideritis cystosiphon', 'Chajorra de Tamaimo', 'https://endemicascanarias.com/images/Tenerife/Sideritis%20cystosiphon/_Sideritis%20cytosiphon%20Chajorra%20de%20Tamaimo04.jpg'),
(198, 6, 1, 'Sideritis discolor', 'Salvia blanca de Doramas', 'https://endemicascanarias.com/images/GranCanaria/Sideritis%20discolor/IMG_9795%20Sideritis%20discolor-standard.jpg'),
(199, 6, 1, 'Sideritis serrata', NULL, 'https://upload.wikimedia.org/wikipedia/commons/thumb/f/fc/Sideritisserratajbclm.jpg/1536px-Sideritisserratajbclm.jpg'),
(200, 6, 1, 'Silene hifacensis', 'Silene de Ifach', 'https://upload.wikimedia.org/wikipedia/commons/6/6e/Silene_hifacensis_2c.JPG'),
(201, 6, 2, 'Silene nocteolens', 'Canutillo del Teide', 'https://endemicascanarias.com/images/Tenerife/Silene%20nocteolens/_MG_7293%20Silene%20nocteolens%20canutillo%20del%20Teide.jpg'),
(202, 6, 1, 'Silene sennenii', NULL, 'https://upload.wikimedia.org/wikipedia/commons/9/9d/Silene_sennenii_2.jpg'),
(203, 6, 1, 'Solanum lidii', 'Pimentero de Temisas', 'https://upload.wikimedia.org/wikipedia/commons/d/d7/Solanum_lidii_kz3.JPG'),
(204, 6, 1, 'Solanum vespertilio subsp doramae', 'Rejalgadera de Doramas', 'https://upload.wikimedia.org/wikipedia/commons/5/56/Solanum_vespertilio.jpg'),
(205, 6, 2, 'Sonchus gandogeri', 'Cerrajón de El Golfo', 'https://upload.wikimedia.org/wikipedia/commons/9/99/Sonchus_gandogeri.jpg'),
(206, 6, 1, 'Stachys maritima', NULL, 'https://upload.wikimedia.org/wikipedia/commons/1/12/Stachys_maritima-tr.jpg'),
(207, 6, 1, 'Stemmacantha cynaroides', 'Cardo de plata', 'https://endemicascanarias.com/images/Tenerife/Stemmacantha%20cynaroides/Stemmacantha%20cynaroides%20Cardo%20de%20plata02.jpg'),
(208, 6, 1, 'Tanacetum oshanahanii', 'Margarza de Guayedra', 'https://endemicascanarias.com/images/GranCanaria/Gonospermum%20oshanahanii/Gonospermum%20oshanahanii%20magarza%20de%20Guayedra05.jpg'),
(209, 6, 2, 'Tanacetum ptarmiciflorum', 'Magarza plateada', 'https://upload.wikimedia.org/wikipedia/commons/f/fe/Tanacetum_ptarmiciflorum.JPG'),
(210, 6, 1, 'Teline nervosa', 'Gildana peluda', 'https://upload.wikimedia.org/wikipedia/commons/e/e4/Teline_nervosa.jpg'),
(211, 6, 1, 'Teline rosmarinifolia subsp eurifolia', 'Gildana de Faneque', 'https://endemicascanarias.com/images/GranCanaria/Teline%20rosmarinifolia%20subsp.%20rosmarinifolia/Teline%20rosmarinifolia%20subsp.%20rosmarinifolia%20Gildana%20de%20Risco%20Blanco02.jpg'),
(212, 6, 1, 'Teline salsoloides', 'Retamón de El Fraile', 'https://upload.wikimedia.org/wikipedia/commons/thumb/c/ca/Teline_salsoloides01.jpg/1024px-Teline_salsoloides01.jpg'),
(213, 6, 2, 'Teucrium lepicephalum', NULL, 'https://www.apatita.com/herbario/familias/Labiatae%20(Lamiaceae)/Teucrium_lepicephalum/Teucrium_lepicephalum_2.jpg'),
(214, 6, 2, 'Thymelaea lythroides', NULL, 'https://www.florandalucia.es/images/Galerias/Thymelaea_lythroides/Thymelaea_lythroides.01.jpg'),
(215, 6, 1, 'Thymus albicans', 'Almoradux, Mejorana', 'https://upload.wikimedia.org/wikipedia/commons/5/5f/Thymus_albicans60691.jpg'),
(216, 6, 1, 'Tolpis glabrescens', 'Lechuguilla de Chinobre', 'https://upload.wikimedia.org/wikipedia/commons/4/4e/Tolpis_glabrescens01.jpg'),
(217, 6, 2, 'Vicia bifoliolata', 'Vessa', 'https://herbarivirtual.uib.es/imagen/1397/14724f8c/1140/0/imatge.jpg'),
(218, 6, 2, 'Vulpia fontquerana', NULL, 'https://wastemagazine.es/fotos/vulpiafontquerana3.jpg'),
(219, 6, 1, 'Woodsia pulchella', NULL, 'https://inaturalist-open-data.s3.amazonaws.com/photos/106296437/large.png'),
(220, 5, 1, 'Acipenser sturio', 'Esturión', 'https://upload.wikimedia.org/wikipedia/commons/e/e9/St%C3%B6r_-_Sturgeon.jpg'),
(221, 5, 1, 'Anaecypris hispanica', 'Jarabugo', 'https://www.vertebradosibericos.org/peces/anahis.jpg'),
(222, 5, 1, 'Aphanius baeticus', 'Salinete, Fartet atlántico', 'https://www.mediterranea.org/cae/divulgac/peces/aphanius_baeticus_x32.jpg'),
(223, 5, 1, 'Aphanius iberus', 'Fartet', 'https://canalmarmenor.carm.es/wp-content/uploads/2020/07/Nuevo.1.jpg'),
(224, 5, 2, 'Chilomycterus atringa', 'Tamboril espinoso', 'https://upload.wikimedia.org/wikipedia/commons/f/fe/Chilomycterus_atringa.jpg'),
(225, 5, 1, 'Cottus aturi', 'Burtaina', 'https://inaturalist-open-data.s3.amazonaws.com/photos/23169762/original.jpeg'),
(226, 5, 1, 'Cottus hispaniolensis', 'Cavilat', 'https://mediambient.gencat.cat/web/.content/home/ambits_dactuacio/patrimoni_natural/fauna_salvatge_autoctona/gestio-especies/peixos/cavilat/cavilat.png_1122827076.png'),
(227, 5, 2, 'Lampetra planeri', 'Lamprea de arroyo', 'https://upload.wikimedia.org/wikipedia/commons/1/19/Lampetra_planeri._3.jpg'),
(228, 5, 1, 'Parachondrostoma arrigonis', 'Loína', 'https://www.tagmyfish.com/storage/fish/01jskx9b10dfx7fp2gq9bkm7x5.webp'),
(229, 5, 1, 'Petromyzon marinus', 'Lamprea marina', 'https://upload.wikimedia.org/wikipedia/commons/thumb/b/bc/Petromyzon_marinus.001_-_Aquarium_Finisterrae.jpg/960px-Petromyzon_marinus.001_-_Aquarium_Finisterrae.jpg'),
(230, 5, 2, 'Salaria fluviatilis', 'Fraile', 'https://upload.wikimedia.org/wikipedia/commons/6/65/Blennie_d%27eau_douce-Salaria_fluviatilis.JPG'),
(231, 5, 1, 'Squalius palaciosi', 'Bogardilla', 'https://inaturalist-open-data.s3.amazonaws.com/photos/313287444/medium.jpg'),
(232, 5, 1, 'Squatina aculeata', 'Angelote espinoso', 'https://www.mardehielo.es/wp-content/uploads/2021/03/buceo-angelote-camuflado.jpg'),
(233, 5, 1, 'Squatina oculata', 'Angelote manchado', 'https://static.inaturalist.org/photos/91080045/medium.jpg'),
(234, 5, 1, 'Squatina squatina', 'Angelote', 'https://www.fishipedia.es/wp-content/uploads/2020/10/Squatina-squatina.jpg'),
(235, 5, 1, 'Valencia hispanica', 'Samaruc', 'https://upload.wikimedia.org/wikipedia/commons/4/49/Samaruc_a_l%27aula_de_la_natura%2C_parc_de_Marxalenes.JPG'),
(236, 4, 2, 'Balaenoptera acutorostrata', 'Rorcual aliblanco', 'https://www.worldlifeexpectancy.com/images/a/w/b/balaenoptera-acutorostrata/balaenoptera-acutorostrata.webp'),
(237, 4, 2, 'Balaenoptera borealis', 'Rorcual norteño', 'https://upload.wikimedia.org/wikipedia/commons/f/fa/Balaenoptera_borealis_3.jpg'),
(238, 4, 2, 'Balaenoptera musculus', 'Rorcual azul', 'https://upload.wikimedia.org/wikipedia/commons/1/1c/Anim1754_-_Flickr_-_NOAA_Photo_Library.jpg'),
(239, 4, 2, 'Balaenoptera physalus', 'Rorcual común', 'https://upload.wikimedia.org/wikipedia/commons/5/58/LMazzuca_Fin_Whale.jpg'),
(240, 4, 2, 'Crocidura canariensis', 'Musaraña canaria', 'https://upload.wikimedia.org/wikipedia/commons/7/74/C_canariensis_R_Hutterer.JPG'),
(241, 4, 2, 'Delphinus delphis', 'Delfín común', 'https://upload.wikimedia.org/wikipedia/commons/9/94/Common_dolphin.jpg'),
(242, 4, 1, 'Eubalaena glacialis', 'Ballena vasca', 'https://upload.wikimedia.org/wikipedia/commons/6/6a/Eubalaena_glacialis_with_calf.jpg'),
(243, 4, 1, 'Galemys pyrenaicus', 'Desmán ibérico', 'https://upload.wikimedia.org/wikipedia/commons/3/31/Galemys_pyrenaicus_01_by-dpc.jpg'),
(244, 4, 2, 'Globicephala macrorhynchus', 'Calderón tropical', 'https://upload.wikimedia.org/wikipedia/commons/4/44/Globicephala_macrorhynchus2.jpg'),
(245, 4, 2, 'Globicephala melas', 'Calderón común', 'https://upload.wikimedia.org/wikipedia/commons/7/76/Pilot_whale_spyhop.jpg'),
(246, 4, 2, 'Lynx pardinus', 'Lince ibérico', 'https://upload.wikimedia.org/wikipedia/commons/f/f1/Iberian_Lynx_beta04.jpg'),
(247, 4, 2, 'Megaptera novaeangliae', 'Yubarta', 'https://upload.wikimedia.org/wikipedia/commons/6/61/Humpback_Whale_underwater_shot.jpg'),
(248, 4, 2, 'Microtus cabrerae', 'Iberón,Topillo de Cabrera', 'https://www.vertebradosibericos.org/mamiferos/miccab.jpg'),
(249, 4, 2, 'Miniopterus schreibersii', 'Murciélago de cueva', 'https://upload.wikimedia.org/wikipedia/commons/1/1b/Southern_bentwing_bat_%28cropped%29.jpg'),
(250, 4, 1, 'Monachus monachus', 'Foca monje del Mediterráneo', 'https://upload.wikimedia.org/wikipedia/commons/7/73/%CE%A4%CE%BF_%CE%B2%CE%BB%CE%AD%CE%BC%CE%BC%CE%B1_%CF%84%CE%B7%CF%82_%CF%86%CF%8E%CE%BA%CE%B9%CE%B1%CF%82.jpg'),
(251, 4, 1, 'Mustela lutreola', 'Visón europeo', 'https://upload.wikimedia.org/wikipedia/commons/e/e4/Europ%C3%A4ischer_Nerz.jpg'),
(252, 4, 2, 'Myotis bechsteinii', 'Murciélago ratonero forestal', 'https://upload.wikimedia.org/wikipedia/commons/e/e4/Myotis_bechsteinii-flying.jpg'),
(253, 4, 2, 'Myotis blythii', 'Murciélago ratonero mediano', 'https://upload.wikimedia.org/wikipedia/commons/d/d1/Myotis-blythii-cropped.jpg'),
(254, 4, 1, 'Myotis capaccinii', 'Murciélago patudo', 'https://upload.wikimedia.org/wikipedia/commons/2/29/Myotis_capaccinii_0105b.jpg'),
(255, 4, 2, 'Myotis emarginatus', 'Murciélago de Geoffroy o de oreja partida', 'https://upload.wikimedia.org/wikipedia/commons/5/50/Myotis_emarginatus.jpg'),
(256, 4, 2, 'Myotis myotis', 'Murciélago ratonero grande', 'https://upload.wikimedia.org/wikipedia/commons/c/c7/Myotis.jpg'),
(257, 4, 2, 'Myotis mystacinus', 'Murciélago bigotudo', 'https://upload.wikimedia.org/wikipedia/commons/e/ec/Myotis_mystacinus.jpg'),
(258, 4, 2, 'Nyctalus lasiopterus', 'Nóctulo grande', 'https://upload.wikimedia.org/wikipedia/commons/c/c9/GreaterNoctule.JPG'),
(259, 4, 2, 'Nyctalus noctula', 'Nóctulo mediano', 'https://upload.wikimedia.org/wikipedia/commons/b/b0/Nyctalus_noctula.jpg'),
(260, 4, 2, 'Orcinus orca', 'Orca', 'https://upload.wikimedia.org/wikipedia/commons/e/e5/JumpingOrca.jpg'),
(261, 4, 2, 'Phocoena phocoena', 'Marsopa común', 'https://upload.wikimedia.org/wikipedia/commons/8/8e/Ecomare_-_bruinvis_Michael_met_penis_%28michael-penis-4580-sd%29.jpg'),
(262, 4, 2, 'Physeter macrocephalus', 'Cachalote', 'https://upload.wikimedia.org/wikipedia/commons/b/b1/Mother_and_baby_sperm_whale.jpg'),
(263, 4, 2, 'Plecotus teneriffae', 'Orejudo canario', 'https://www.cienciacanaria.es/images/a_fondo/Murcilago_orejudo_canario.png'),
(264, 4, 2, 'Rhinolophus euryale', 'Murciélago mediterrráneo de herradura', 'https://upload.wikimedia.org/wikipedia/commons/8/85/Rhinolophus_euryale-cropped.jpg'),
(265, 4, 2, 'Rhinolophus ferrumequinum', 'Murciélago grande de herradura', 'https://upload.wikimedia.org/wikipedia/commons/f/f3/Grand_Rhinolophe_2.jpg'),
(266, 4, 2, 'Rhinolophus mehelyi', 'Murciélago mediano de herradura', 'https://upload.wikimedia.org/wikipedia/commons/b/bc/Rhinolophus_mehelyi-cropped.jpg'),
(267, 4, 2, 'Tursiops truncatus', 'Delfín mular', 'https://upload.wikimedia.org/wikipedia/commons/b/bc/Tursiops_truncatus_01-cropped.jpg'),
(268, 4, 1, 'Ursus arctos', 'Oso pardo', 'https://upload.wikimedia.org/wikipedia/commons/e/e2/Hartzak_jostetan.jpg'),
(269, 4, 2, 'Ziphius cavirostris', 'Zifio de Cuvier, Zifio común', 'https://upload.wikimedia.org/wikipedia/commons/f/fc/Ziphius_cavirostris_Mar_Ligure.jpg'),
(270, 3, 1, 'Acrostira euphorbiae', 'Cigarrón palo palmero', ''),
(271, 3, 2, 'Astroides calycularis', 'Coral naranja', 'https://upload.wikimedia.org/wikipedia/commons/d/d2/Astroide_calycularis.jpg'),
(272, 3, 2, 'Austropotamobius pallipes', 'Cangrejo de río europeo', 'https://upload.wikimedia.org/wikipedia/commons/3/3b/Austropotamobius_pallipes.jpg'),
(273, 3, 2, 'Baetica ustulata', NULL, 'https://upload.wikimedia.org/wikipedia/commons/9/92/Baetica_ustulata%2C_endemismo_de_Sierra_Nevada_-_panoramio.jpg'),
(274, 3, 2, 'Buprestis splendens', NULL, 'https://upload.wikimedia.org/wikipedia/commons/a/a5/Golden_Buprestid%3B_Buprestis_%28Cypriacis%29aurulenta%2C_WY%3B_colorful_beetle.JPG'),
(275, 3, 2, 'Candelacypris aragonica', '', ''),
(276, 3, 2, 'Carabus riffensis', NULL, 'https://inaturalist-open-data.s3.amazonaws.com/photos/176520381/large.jpeg'),
(277, 3, 2, 'Charonia lampas lampas', 'Caracola', 'https://upload.wikimedia.org/wikipedia/commons/5/5c/Charonia_re.jpg'),
(278, 3, 2, 'Chasmatopterus zonatus', NULL, 'https://upload.wikimedia.org/wikipedia/commons/c/c3/Chasmatopterus_villosulus_side.jpg'),
(279, 3, 1, 'Cucujus cinnaberinus', NULL, 'https://upload.wikimedia.org/wikipedia/commons/e/e7/Cucujus_cinnaberinus_habitus.jpg'),
(280, 3, 2, 'Dendropoma petraeum', NULL, 'https://litoraldegranada.ugr.es/wp-content/uploads/2020/09/P8270054.jpg'),
(281, 3, 1, 'Euchloe bazae', 'Azufrada ibérca, Blanquiverdosa azufrada', 'https://www.revistaquercus.es/fotos/199/ArtA_culo_de_fondo_4_411.jpg'),
(282, 3, 1, 'Halophiloscia canariensis', NULL, 'https://static.inaturalist.org/photos/178606816/medium.jpeg'),
(283, 3, 2, 'Limoniscus violaceus', 'Escarabajo resorte', 'https://reservabiologicacampanarios.es/wp-content/uploads/2014/05/LIMONISCUS-VIOLACEUS.jpg'),
(284, 3, 1, 'Lindenia tetraphylla', NULL, 'https://www.odonatos.com/data/400/902.jpg'),
(285, 3, 1, 'Macromia splendens', 'Libélula', 'https://s2.abcstatics.com/abc/www/multimedia/espana/2022/12/14/libelula-U63325130285uGy-1200x630@abc.jpg'),
(286, 3, 2, 'Maculinea nausithous', 'Hormiguera oscura', 'https://guadarramistas.com/wp-content/uploads/2023/07/m-nausithous-sobre-sanguisorba-officinalis-852x675.jpg'),
(287, 3, 1, 'Maiorerus randoi', 'Opilión cavernícola majorero', 'https://www.museosdetenerife.org/muna-museo-de-naturaleza-y-arqueologia/wp-content/uploads/sites/2/2019/07/118407053024230.jpg'),
(288, 3, 1, 'Margaritifera auricularia', 'Margaritona', 'https://upload.wikimedia.org/wikipedia/commons/6/66/Margaritifera_auricularia_MHNT_ZOO_2010_221.jpg'),
(289, 3, 1, 'Margaritifera margaritifera', 'Náyade de río, Madreperla de río', 'https://upload.wikimedia.org/wikipedia/commons/e/ed/Margaritifera_margaritifera-buiten.jpg'),
(290, 3, 1, 'Munidopsis polymorpha', 'Jameíto', 'https://upload.wikimedia.org/wikipedia/commons/d/d8/Munidopsis_polymorpha_%28Blind_albino_crab%29_%28Martyx%29.jpg'),
(291, 3, 1, 'Ophiogomphus cecilia', 'Libélula', 'https://upload.wikimedia.org/wikipedia/commons/8/88/Ophiogomphus_cecilia_IMG_4225.jpg'),
(292, 3, 2, 'Osmoderma eremita', NULL, 'https://upload.wikimedia.org/wikipedia/commons/8/8a/Osmoderma_eremita.jpg'),
(293, 3, 2, 'Oxygastra curtisii', 'Libélula', 'https://guadarramistas.com/wp-content/uploads/2023/07/o-curtisii.jpg'),
(294, 3, 1, 'Panulirus echinatus', 'Langosta herreña', 'https://upload.wikimedia.org/wikipedia/commons/thumb/8/85/Panulirus_echinatus.jpg/960px-Panulirus_echinatus.jpg'),
(295, 3, 1, 'Patella candei candei', 'Lapa majorera', 'https://taxonomy.redpromar.org/storage/speciesMultimedia/8df496f2d413963157550d64320dc279c9cfe4cc.jpeg'),
(296, 3, 1, 'Patella ferruginea', 'Lapa ferruginea', 'https://upload.wikimedia.org/wikipedia/commons/4/4c/Pferruginea_04_JGuallart.jpg'),
(297, 3, 1, 'Pimelia granulicollis', 'Pimelia de las arenas', 'https://cdn0.ecologiaverde.com/es/posts/9/0/3/pimelia_de_las_arenas_o_bombon_pimelia_granulicollis_3309_3_600.jpg'),
(298, 3, 1, 'Pinna nobilis', 'Nacra común, Nácar', 'https://upload.wikimedia.org/wikipedia/commons/b/be/Messina_Straits_Pinna_nobilis_clean.JPG'),
(299, 3, 1, 'Polyommatus golgus', 'Niña de Sierra Nevada', 'https://upload.wikimedia.org/wikipedia/commons/4/42/Polyommatus_golgus_-_Nature_Conservation-001-073-g025.jpg'),
(300, 3, 1, 'Rhopalomesites euphorbiae', 'Picudo de la tabaiba de monte', 'https://inaturalist-open-data.s3.amazonaws.com/photos/335147820/large.jpg'),
(301, 3, 1, 'Speleonectes ondinae', 'Remípedo de los jameos', 'https://e00-elmundo.uecdn.es/elmundo/imagenes/2009/08/26/1251280155_2.jpg'),
(302, 3, 2, 'Unio mancus', 'Náyade mediterránea', 'https://upload.wikimedia.org/wikipedia/commons/1/1b/Unio_mancus2_A_MRKVICKA.JPG'),
(303, 3, 1, 'Unio ravoisieri', 'Náyade del noroeste', 'https://storage.googleapis.com/conchology-images/1130000sup/1134722.jpg'),
(304, 3, 2, 'Unio tumidiformis', 'Náyade túmida', 'https://upload.wikimedia.org/wikipedia/commons/thumb/7/73/Unio_tumidiformis_22571683.jpg/250px-Unio_tumidiformis_22571683.jpg'),
(305, 2, 2, 'Aegolius funereus', 'Mochuelo boreal', 'https://upload.wikimedia.org/wikipedia/commons/1/17/Aegolius-funereus-001.jpg'),
(306, 2, 2, 'Aegypius monachus', 'Buitre negro', 'https://upload.wikimedia.org/wikipedia/commons/4/49/Buitre_negro.jpg'),
(307, 2, 1, 'Aquila adalberti', 'Águila imperial ibérica', 'https://upload.wikimedia.org/wikipedia/commons/a/a1/Aguila_imperial_iberica.jpg'),
(308, 2, 1, 'Aythya nyroca', 'Porrón pardo', 'https://upload.wikimedia.org/wikipedia/commons/6/6e/Crabier_chevelu.jpg'),
(309, 2, 1, 'Botaurus stellaris', 'Avetoro común', 'https://upload.wikimedia.org/wikipedia/commons/c/c2/2015-10-19_Botaurus_stellaris%2C_Gosforth_Park_5.jpg'),
(310, 2, 1, 'Burhinus oedicnemus distinctus', 'Alcaraván común', 'https://upload.wikimedia.org/wikipedia/commons/d/d8/Burhinus_oedicnemus_insularum_Lanzarote_1.jpg'),
(311, 2, 2, 'Calonectris diomedea diomedea', 'Pardela cenicienta', 'https://upload.wikimedia.org/wikipedia/commons/d/d6/CorysShearwaterBottom.jpg'),
(312, 2, 2, 'Cercotrichas galactotes', 'Alzacola', 'https://upload.wikimedia.org/wikipedia/commons/b/b0/Agrobate_roux_au_Parc_National_de_l%27Ichkeul_%28Tunisia%29%2C_crop.jpg'),
(313, 2, 2, 'Charadrius alexandrinus', 'Chorlitejo patinegro', 'https://upload.wikimedia.org/wikipedia/commons/a/a9/Charadrius_alexandrinus_2.jpg'),
(314, 2, 2, 'Charadrius morinellus', 'Chorlito carambolo', 'https://upload.wikimedia.org/wikipedia/commons/b/bb/Charadrius_morinellus_male.jpg'),
(315, 2, 2, 'Chersophilus duponti', 'Alondra de Dupont o ricotí', 'https://upload.wikimedia.org/wikipedia/commons/7/73/Dupont%27s_Lark%2C_Morocco_1_%28crop%29.jpg'),
(316, 2, 1, 'Chlamydotis undulata', 'Avutarda hubara', 'https://upload.wikimedia.org/wikipedia/commons/4/45/Houbara035.JPG'),
(317, 2, 1, 'Chlidonias niger', 'Fumarel común', 'https://upload.wikimedia.org/wikipedia/commons/d/d4/Chlidonias_niger.jpg'),
(318, 2, 2, 'Ciconia nigra', 'Cigüeña negra', 'https://upload.wikimedia.org/wikipedia/commons/2/2d/Wildpark_Bad_Mergentheim._Schwarzstorch.jpg'),
(319, 2, 2, 'Circus pygargus', 'Aguilucho cenizo', 'https://upload.wikimedia.org/wikipedia/commons/c/c4/Flickr_-_don_macauley_-_Bird_015.jpg'),
(320, 2, 2, 'Columba junoniae', 'Paloma rabiche', 'https://upload.wikimedia.org/wikipedia/commons/7/75/Lorbeertaube15-01-2010.jpg'),
(321, 2, 2, 'Cursorius cursor', 'Engaña o corredor sahariano', 'https://upload.wikimedia.org/wikipedia/commons/b/b7/Cream-coloured_courser.jpg'),
(322, 2, 1, 'Dendrocopos leucotos', 'Pico dorsiblanco', 'https://upload.wikimedia.org/wikipedia/commons/b/b6/Dendrocopos_leucotos_2.jpg'),
(323, 2, 1, 'Emberiza schoeniclus lusitanica', 'Escribano palustre', 'https://upload.wikimedia.org/wikipedia/commons/3/32/Emberiza_schoeniclus_%28male%29%2C_Gatchina%2C_Russia.jpg'),
(324, 2, 1, 'Falco peregrinus pelegrinoides', 'Halcón tagarote', 'https://upload.wikimedia.org/wikipedia/commons/7/78/W%C3%BCstenfalke.jpg'),
(325, 2, 1, 'Fringilla teydea polatzeki', 'Pinzón azul de Gran Canaria', 'https://upload.wikimedia.org/wikipedia/commons/e/e4/Teidefink.jpg'),
(326, 2, 2, 'Fringilla teydea teydea', 'Pinzón azul de Tenerife', 'https://upload.wikimedia.org/wikipedia/commons/7/78/Teidefinkweibchen.JPG'),
(327, 2, 1, 'Fulica cristata', 'Focha cornuda o moruna', 'https://upload.wikimedia.org/wikipedia/commons/d/d6/Crested_Coot_%28Fulica_cristata%29_%281%29.jpg'),
(328, 2, 1, 'Gypaetus barbatus', 'Quebrantahuesos', 'https://upload.wikimedia.org/wikipedia/commons/2/23/Bartgeier_Gypaetus_barbatus_front_Richard_Bartz.jpg'),
(329, 2, 2, 'Hieraaetus fasciatus', 'Águila perdicera', 'https://upload.wikimedia.org/wikipedia/commons/2/27/Aguila_perdicera.jpg'),
(330, 2, 2, 'Lagopus muta', 'Lagópodo alpino', 'https://upload.wikimedia.org/wikipedia/commons/b/b9/Raichou_01.JPG'),
(331, 2, 1, 'Lanius minor', 'Alcaudón chico', 'https://upload.wikimedia.org/wikipedia/commons/7/78/Lan%C3%AE%C3%BBs_m%C3%AEnor.jpg'),
(332, 2, 2, 'Larus audouinii', 'Gaviota de Audouin', 'https://upload.wikimedia.org/wikipedia/commons/1/16/Ichthyaetus_audouinii.jpg'),
(333, 2, 1, 'Marmaronetta angustirostris', 'Cerceta pardilla', 'https://upload.wikimedia.org/wikipedia/commons/e/ec/Marmaronetta_angustirostris_qtl1.jpg'),
(334, 2, 1, 'Milvus milvus', 'Milano real', 'https://upload.wikimedia.org/wikipedia/commons/4/4b/Milvus_milvus_R%28ThKraft%29.jpg'),
(335, 2, 2, 'Neophron percnopterus', 'Alimoche común', 'https://upload.wikimedia.org/wikipedia/commons/7/76/Egyptian_vulture_2.jpg'),
(336, 2, 1, 'Neophron percnopterus majorensis', 'Alimoche canario', 'https://upload.wikimedia.org/wikipedia/commons/5/50/Neophron_percnopterus_-_02.jpg'),
(337, 2, 1, 'Numenius arquata', 'Zarapito real', 'https://upload.wikimedia.org/wikipedia/commons/2/2c/Eurasian_Curlew.jpg'),
(338, 2, 2, 'Oceanodroma castro', 'Paíño de Madeira', 'https://upload.wikimedia.org/wikipedia/commons/f/f2/Band-rumped_Petrel_From_The_Crossley_ID_Guide_Eastern_Birds.jpg'),
(339, 2, 1, 'Oxyura leucocephala', 'Malvasía cabeciblanca', 'https://upload.wikimedia.org/wikipedia/commons/9/9e/Wei%C3%9Fkopfruderente_Oxyura_leucocephala_0505059_Wikiausschnit.jpg'),
(340, 2, 2, 'Pandion haliaetus', 'Águila pescadora', 'https://upload.wikimedia.org/wikipedia/commons/0/01/2010-kabini-osprey.jpg'),
(341, 2, 2, 'Pelagodroma marina', 'Paíño pechialbo, Bailarín', 'https://upload.wikimedia.org/wikipedia/commons/5/5f/Pelagodroma_marina_-_SE_Tasmania.jpg'),
(342, 2, 2, 'Phalacrocorax aristotelis', 'Cormorán moñudo', 'https://upload.wikimedia.org/wikipedia/commons/4/47/Shag_at_Brownsea_Isalnd_%288501110738%29.jpg'),
(343, 2, 2, 'Phoenicurus phoenicurus', 'Colirrojo real', 'https://upload.wikimedia.org/wikipedia/commons/9/96/Common_Redstart_-_Segrate_-_Italy_S4E2518-1_%2819357313382%29.jpg'),
(344, 2, 2, 'Pterocles alchata', 'Ganga común', 'https://upload.wikimedia.org/wikipedia/commons/8/8c/Pin-tailed_sandgrouse_%28Pterocles_alchata%29.jpg'),
(345, 2, 2, 'Pterocles orientalis', 'Ortega', 'https://upload.wikimedia.org/wikipedia/commons/2/21/Pterocles_orientalis_in_flight.jpg'),
(346, 2, 2, 'Puffinus assimilis', 'Pardela chica', 'https://upload.wikimedia.org/wikipedia/commons/b/b7/Little_shearwater_%28Puffinus_assimilis%29.jpg'),
(347, 2, 1, 'Puffinus mauretanicus', 'Pardela balear', 'https://upload.wikimedia.org/wikipedia/commons/6/62/Puffinus_mauretanicus.jpg'),
(348, 2, 2, 'Puffinus puffinus', 'Pardela pichoneta', 'https://upload.wikimedia.org/wikipedia/commons/8/8e/Manx_Shearwater.JPG'),
(349, 2, 2, 'Saxicola dacotiae', 'Tarabilla canaria', 'https://upload.wikimedia.org/wikipedia/commons/c/cc/Saxicola_dacotiae_-Fuerteventura%2C_Canary_Islands%2C_Spain-8.jpg'),
(350, 2, 2, 'Tetrao urogallus aquitanicus', 'Urogallo pirenaico', 'https://upload.wikimedia.org/wikipedia/commons/a/a2/Tetrao_urogallus_4_1.JPG'),
(351, 2, 1, 'Tetrao urogallus cantabricus', 'Urogallo cantábrico', 'https://upload.wikimedia.org/wikipedia/commons/1/18/G%C5%82uszec_%28Tetrao_urogallus%29%2C_%C5%82%C3%B3dzkie_zoo.jpg'),
(352, 2, 2, 'Tetrax tetrax', 'Sisón común', 'https://upload.wikimedia.org/wikipedia/commons/2/29/Tettet.jpg'),
(353, 2, 1, 'Turnix sylvatica', 'Torillo', 'https://upload.wikimedia.org/wikipedia/commons/1/15/Small_Button-quail_-_Mara_-_KenyaIMG_2946_%2815363383978%29.jpg'),
(354, 2, 2, 'Tyto alba gracilirostris', 'Lechuza majorera', 'https://upload.wikimedia.org/wikipedia/commons/3/3e/Tyto_alba_close_up.jpg'),
(355, 2, 1, 'Uria aalge', 'Arao común', 'https://upload.wikimedia.org/wikipedia/commons/c/c3/Uria_aalge7.jpg'),
(356, 1, 2, 'Alytes dickhilleni', 'Sapo partero bético', 'https://upload.wikimedia.org/wikipedia/commons/0/07/Benny_Trapp_Alytes_dickhilleni.jpg'),
(357, 1, 1, 'Alytes muletensis', 'Ferreret', 'https://upload.wikimedia.org/wikipedia/commons/1/1e/Alytes_muletensis.JPG'),
(358, 1, 1, 'Calotriton arnoldi', 'Tritón del Montseny', 'https://upload.wikimedia.org/wikipedia/commons/1/1b/BennyTrapp_Montseny-Gebirgsmolch_Calotriton_arnoldi_Montseny-Gebirge_Spanien.jpg'),
(359, 1, 2, 'Chioglossa lusitanica', 'Salamandra rabilarga', 'https://upload.wikimedia.org/wikipedia/commons/6/6e/Chioglossa_lusitanica.001_-_Fragas_do_Eume.jpg'),
(360, 1, 2, 'Ichthyosaura alpestris', 'Tritón alpino', 'https://upload.wikimedia.org/wikipedia/commons/b/b3/Mesotriton_aplestris_side_view_chrischan.jpeg'),
(361, 1, 2, 'Rana dalmatina', 'Rana ágil', 'https://upload.wikimedia.org/wikipedia/commons/2/2a/Rana_dalmatina01.jpg'),
(362, 1, 2, 'Rana pyrenaica', 'Rana pirenaica', 'https://upload.wikimedia.org/wikipedia/commons/f/f6/BennyTrapp_Rana_pyrenaica_Pyren%C3%A4en_Spanien.jpg'),
(363, 1, 2, 'Salamandra algira', 'Salamandra norteafricana', 'https://calphotos.berkeley.edu/imgs/512x768/1111_1111/1111/4957.jpeg');